{
    "train": {
        "accuracy": 99.40170940170941,
        "loss": 0.023711474863891926
    },
    "validation": {
        "accuracy": 98.42931937172776,
        "loss": 0.02384958872620348
    },
    "step": 23
}