{
    "train": {
        "accuracy": 98.93162393162393,
        "loss": 0.023871168901777675
    },
    "validation": {
        "accuracy": 98.95287958115183,
        "loss": 0.023652448236006093
    },
    "step": 99
}